pathNames,totalpDis,totalpDisNorm,ppDis,ppDis.fdr
Sulfur relay system,4.3200933576733345,-0.3683974836748991,0.7071464267866067,0.8097376182375133
Autophagy - other,7.319819300356168,-2.4501917689369197,0.01999000499750125,0.07750510709557502
Circadian rhythm,11.241768461729665,-1.4377589442597605,0.1374312843578211,0.2786450811291602
SNARE interactions in vesicular transport,11.529544277139413,-1.6245353625071859,0.08895552223888056,0.22088955522238882
Apoptosis - multiple species,12.370094195901654,-1.437941422278983,0.13343328335832083,0.27559584693634487
Homologous recombination,13.341467416272538,-1.973672278525467,0.04847576211894053,0.1424156342881191
Antifolate resistance,13.774133534976668,-0.787346740603852,0.4062968515742129,0.5868732300516408
Asthma,13.878810119062788,2.1585845493663642,0.030484757621189407,0.10693859419496601
Fanconi anemia pathway,14.956955364945461,-2.6008562664428045,0.008995502248875561,0.04417791104447776
Thyroid cancer,14.957915117896905,-1.3513319970041016,0.16691654172913542,0.3180047907080942
Phototransduction,15.122944512776682,-0.574924973169429,0.5432283858070964,0.6899624900193582
Ribosome biogenesis in eukaryotes,17.05768082409425,-4.099154089368607,4.997501249375312e-4,0.005812883032168126
Hippo signaling pathway - multiple species,17.10393876119259,0.0058617334819868775,0.9920039980009995,0.9985211939484804
Renin-angiotensin system,17.58588533941175,1.669449618008063,0.08345827086456771,0.21581163441267875
Vasopressin-regulated water reabsorption,18.76268387622633,-1.2133229116736823,0.21339330334832585,0.37428507968238106
Ferroptosis,19.306178557397942,-0.6396728174721582,0.5352323838080959,0.6899624900193582
Allograft rejection,19.745592602254273,3.4892667737976115,0.00399800099950025,0.025244520596844434
Vibrio cholerae infection,19.950180356797325,-1.4912419244678987,0.13043478260869565,0.2745341614906832
Mitophagy - animal,20.77717902349823,-2.8979102204807328,0.005497251374312844,0.031151091121106117
Autoimmune thyroid disease,21.09627480101395,1.031651376516112,0.2863568215892054,0.46877672274973625
Cytosolic DNA-sensing pathway,21.544415257398526,-2.176606118715835,0.02798600699650175,0.10308179243711477
Graft-versus-host disease,21.601884417723944,3.592925392327902,0.0014992503748125937,0.011425321821847696
Bladder cancer,22.363137557053705,-0.25803097998864744,0.7886056971514243,0.8802114094467917
Notch signaling pathway,23.65727637261934,-1.2926983671091863,0.18340829585207397,0.33498539986205245
mRNA surveillance pathway,24.00452112804316,-4.032139725006175,0.0014992503748125937,0.011425321821847696
Viral myocarditis,24.11650143132469,0.47715292675468307,0.6421789105447276,0.7595293262459679
Maturity onset diabetes of the young,24.238440946969007,2.5257350396875315,0.017991004497751123,0.07229112716369088
RNA degradation,24.505052760393642,-2.7620641714056826,0.005997001499250375,0.03155565074605554
Endometrial cancer,24.736549548814516,-1.5732646326444066,0.10694652673663169,0.24619981675828753
RIG-I-like receptor signaling pathway,25.34770910758778,-2.3540914256006484,0.02498750624687656,0.09521101518206414
Prion diseases,25.61166107700825,0.6745749949370315,0.4897551224387806,0.6653789669582386
Hedgehog signaling pathway,27.866688080958067,-0.14679275344670403,0.8855572213893054,0.940904547726137
Type I diabetes mellitus,28.032173362108395,4.863567109417606,4.997501249375312e-4,0.005812883032168126
Intestinal immune network for IgA production,28.06158025645467,2.2830491493532694,0.028985507246376812,0.10501306723687336
Type II diabetes mellitus,28.812142091217343,0.49905414411362053,0.6156921539230384,0.7476261869065466
Renal cell carcinoma,28.920819237924462,-1.687164784594918,0.0864567716141929,0.2171243923492799
Aldosterone-regulated sodium reabsorption,29.27328675112294,1.8654276925900133,0.06096951524237881,0.1705602894755154
Bacterial invasion of epithelial cells,29.302470043617422,-1.5125213712502326,0.13243378310844578,0.27559584693634487
Longevity regulating pathway - multiple species,30.377524048956765,-1.028916774236708,0.29485257371314344,0.47219144051162826
Chronic myeloid leukemia,30.465109591028487,-2.0164696347681996,0.04047976011994003,0.12406125704271152
VEGF signaling pathway,31.17881451747214,-0.6746807203353843,0.5012493753123438,0.6699872955088719
Long-term potentiation,31.812056120050297,-1.3284415633120958,0.1809095452273863,0.33498539986205245
Melanoma,32.197789803007176,-1.6534047233765923,0.09945027486256872,0.23632807252287835
Carbohydrate digestion and absorption,32.766592990570366,1.688947708689638,0.08495752123938032,0.21581163441267875
Epithelial cell signaling in Helicobacter pylori infection,33.406302792525466,-1.0542036892291244,0.30184907546226886,0.4799183142241829
Pancreatic cancer,33.434709583297604,-1.7392246498285415,0.07446276861569215,0.19959899568288145
Systemic lupus erythematosus,33.54441998118607,2.665008964822137,0.010994502748625687,0.049587451172373
Non-small cell lung cancer,33.87656649532892,-0.9541554997918373,0.3313343328335832,0.5193254436611481
Peroxisome,34.32411377852717,-1.5691334490065776,0.11544227886056972,0.25260142206124664
Endocrine and other factor-regulated calcium reabsorption,34.6239695197147,0.5938850010393855,0.5387306346826587,0.6899624900193582
Adipocytokine signaling pathway,34.675883140280014,-0.8458027346842176,0.39280359820089955,0.5756294038411257
Prolactin signaling pathway,35.161872671903275,-1.2916637730259557,0.18590704647676162,0.33667843497606037
Acute myeloid leukemia,35.51235783000035,-0.40985694213066426,0.6996501749125438,0.8053265034149593
RNA transport,36.103967682612605,-5.980282712413854,4.997501249375312e-4,0.005812883032168126
Central carbon metabolism in cancer,36.31898340426178,-0.73502619734384,0.4682658670664668,0.6467922288855573
Basal cell carcinoma,36.35925328848172,-0.062005151334873096,0.9525237381309345,0.9836810566679276
Progesterone-mediated oocyte maturation,37.76720043128507,-2.160993633824113,0.03398300849575212,0.1104447776111944
Ovarian steroidogenesis,38.055287032881665,1.9920789846580655,0.044977511244377814,0.13432472952712834
Long-term depression,38.24491094851645,0.47648830149689836,0.6426786606696652,0.7595293262459679
Antigen processing and presentation,38.89784604365215,2.196359184396574,0.03398300849575212,0.1104447776111944
Platinum drug resistance,38.933121250110965,-0.6967326175741708,0.48225887056471767,0.6619826732596436
Mineral absorption,39.489120186559795,1.8720659104074326,0.05847076461769116,0.1656671664167916
Regulation of lipolysis in adipocytes,39.83311746377575,0.8940399997615741,0.3663168415792104,0.5621258336349066
Longevity regulating pathway,39.839447964850386,-1.574842638347248,0.11794102948525736,0.25487256371814093
GnRH secretion,39.85269110187102,1.3079272939651463,0.1889055472263868,0.33667843497606037
Adherens junction,40.18410072025901,-0.350812331518234,0.7136431784107946,0.8129646516947712
EGFR tyrosine kinase inhibitor resistance,40.70625322231234,-1.2371197915466752,0.21739130434782608,0.37829510441629577
African trypanosomiasis,40.9727249604838,4.155099568283041,4.997501249375312e-4,0.005812883032168126
Cortisol synthesis and secretion,41.222897943656314,0.6758984832766788,0.49075462268865566,0.6653789669582386
Legionellosis,41.65836689302681,1.5672419163867206,0.11244377811094453,0.25260142206124664
Glioma,41.82076622606102,-0.6096013283351067,0.5407296351824088,0.6899624900193582
Synaptic vesicle cycle,42.077215076049775,0.341172481267257,0.735632183908046,0.8337164750957854
Cocaine addiction,43.28589749705735,2.4115956885802303,0.015992003998001,0.06544875710293001
Endocrine resistance,43.893142675434525,-1.7621878952223191,0.07646176911544228,0.20116727350610408
Inflammatory bowel disease,44.43308768077635,1.4915616215963348,0.13543228385807096,0.2771345808577193
GABAergic synapse,44.92142291743002,-0.29107083045060345,0.7691154422788605,0.8628147855006506
GnRH signaling pathway,45.14900962889476,-1.3071708759274638,0.18140929535232383,0.33498539986205245
Fc epsilon RI signaling pathway,45.82853599158789,1.1296431316500999,0.2433783108445777,0.4202078648175912
p53 signaling pathway,46.23169179818076,0.7152380176046955,0.4662668665667166,0.6467922288855573
Colorectal cancer,46.50610478761752,-0.6542726798285947,0.5132433783108445,0.6744320147618499
Cardiac muscle contraction,47.15255154909711,0.738027503820781,0.46676661669165415,0.6467922288855573
Cholesterol metabolism,49.094110877747795,4.280947808212941,9.995002498750624e-4,0.009203731467599533
Arrhythmogenic right ventricular cardiomyopathy,49.40573382350755,1.598714613188588,0.111944027986007,0.25260142206124664
Oocyte meiosis,50.106296314946306,-2.65693062154133,0.010994502748625687,0.049587451172373
Gap junction,50.812136078669674,-0.14143568860036623,0.8905547226386806,0.9416870512112365
Small cell lung cancer,50.832061119316954,-0.42319839719767166,0.6751624187906047,0.7936749710251256
Glucagon signaling pathway,51.538770440902326,-1.2584952020693994,0.20089955022488756,0.3551904047976012
Autophagy - animal,52.26833109531495,-3.1708122415188726,9.995002498750624e-4,0.009203731467599533
Renin secretion,52.28252970440479,1.5740679954981442,0.10444777611194403,0.2429785107446277
Th1 and Th2 cell differentiation,52.354148472529225,0.2748660516902821,0.7986006996501749,0.8824537731134432
Taste transduction,52.47311083769303,1.0734309223760867,0.27586206896551724,0.464370087683431
Thyroid hormone signaling pathway,53.40509452063527,-1.7302300443849206,0.07496251874062969,0.19959899568288145
Choline metabolism in cancer,53.978300570477174,-0.2512108844968634,0.7981009495252374,0.8824537731134432
PD-L1 expression and PD-1 checkpoint pathway in cancer,54.231459160478806,-0.22048291322762772,0.8305847076461769,0.9003414959187072
Amphetamine addiction,55.09793395905052,2.2958434055992,0.01999000499750125,0.07750510709557502
Cell cycle,55.12306548452768,-2.0792337952450453,0.03798100949525238,0.11977813909946435
Morphine addiction,55.18830588318523,0.8628311628268144,0.39980009995002497,0.5812883032168126
Circadian entrainment,55.21179967228661,0.03477274284383707,0.9695152423788106,0.9853903323567574
ErbB signaling pathway,55.31586488211536,0.5628196789296421,0.5717141429285357,0.7098248628494741
Spinocerebellar ataxia,55.36345600347897,-2.1118087374691212,0.031484257871064465,0.10704647676161917
Protein processing in endoplasmic reticulum,56.23991725814335,-3.7501165687521643,4.997501249375312e-4,0.005812883032168126
Insulin signaling pathway,56.63552751464464,-2.7679347982777824,0.009995002498750625,0.04801946852660626
TGF-beta signaling pathway,56.67924913130371,-0.19553152459709508,0.8470764617691154,0.9087567866552161
PPAR signaling pathway,57.186078946552456,3.2581360355360567,0.0024987506246876563,0.01781367380825716
Prostate cancer,57.95108533150635,8.93076993293569e-6,1,1
Pertussis,58.16417054612829,1.726181531020721,0.07246376811594203,0.19770978708176778
Melanogenesis,58.92548012242591,-0.45069480854105604,0.6371814092953523,0.7595293262459679
Neurotrophin signaling pathway,59.330994502582975,-1.636624105114363,0.09695152423788106,0.23545370172056826
AMPK signaling pathway,59.443729485529225,-1.1109456462235452,0.27136431784107945,0.464370087683431
Hypertrophic cardiomyopathy,59.660261871225046,2.106172563649319,0.037481259370314844,0.11977813909946435
Thyroid hormone synthesis,59.77943028099737,2.6803585404376085,0.011494252873563218,0.05080459770114942
Gastric acid secretion,60.24047822788433,2.5724990713395943,0.010494752623688156,0.049347666592235793
Fc gamma R-mediated phagocytosis,60.39618456992019,0.899088655595754,0.3728135932033983,0.5643274253284317
Th17 cell differentiation,60.400165053006056,0.050520492487436536,0.9620189905047476,0.9853903323567574
HIF-1 signaling pathway,60.99272344325772,-0.3941831521212594,0.6876561719140429,0.795664994727767
Malaria,61.07146522151528,7.411135189081581,4.997501249375312e-4,0.005812883032168126
ECM-receptor interaction,61.170818894791914,1.6981545335778119,0.08445777111444278,0.21581163441267875
Toll-like receptor signaling pathway,61.2305859496786,-0.06904506099316914,0.9420289855072463,0.9805214763510265
AGE-RAGE signaling pathway in diabetic complications,61.519432218055975,0.4047356206857691,0.6846576711644178,0.795664994727767
FoxO signaling pathway,62.54175594415436,-1.4138432256376625,0.14642678660669664,0.2915344129736933
C-type lectin receptor signaling pathway,63.594683558935536,-0.19472177711946106,0.8600699650174912,0.9182389481587709
mTOR signaling pathway,63.625776196918096,-2.9143889412040918,0.004497751124437781,0.02615797364475657
Dilated cardiomyopathy,63.76736828331563,2.1446068139925716,0.03298350824587706,0.1104447776111944
Sphingolipid signaling pathway,63.944189786380576,-0.840786356232469,0.3933033483258371,0.5756294038411257
Non-alcoholic fatty liver disease,63.98583132060338,-2.3330048350455836,0.014492753623188406,0.06159420289855073
Rheumatoid arthritis,65.52749144864192,4.2219875905360755,4.997501249375312e-4,0.005812883032168126
Cellular senescence,66.92936105915385,-2.468594808421299,0.013993003498250875,0.06063634849242045
Retrograde endocannabinoid signaling,66.97738913571764,-0.8205303895037482,0.4147926036981509,0.5952543208915023
"Parathyroid hormone synthesis, secretion and action",67.22704417023473,0.21176032444120016,0.8310844577711144,0.9003414959187072
Viral carcinogenesis,67.37936977923907,-2.03576037094491,0.04097951024487756,0.12406125704271152
Alcoholism,67.43811325882912,0.5598863309634629,0.5717141429285357,0.7098248628494741
"Growth hormone synthesis, secretion and action",67.56021257768053,-0.6509221496389896,0.5032483758120939,0.6699872955088719
Aldosterone synthesis and secretion,67.73889746391072,1.5642512772556625,0.1199400299850075,0.25487256371814093
Insulin secretion,67.92135057412284,2.5363617231553413,0.015992003998001,0.06544875710293001
Insulin resistance,68.0049752832746,-0.005084541312730421,0.9940029985007496,0.9985211939484804
Necroptosis,68.79667621088055,-1.0674410106834924,0.2773613193403298,0.464370087683431
Apoptosis,69.23571296115624,-1.4453488624715332,0.14942528735632185,0.29484811165845654
T cell receptor signaling pathway,70.02676589984522,0.855055067124738,0.38980509745127434,0.5756294038411257
Leishmaniasis,70.51147124247768,4.36924421448826,4.997501249375312e-4,0.005812883032168126
TNF signaling pathway,70.53042985810994,0.8666858422812898,0.37831084457771114,0.568753038446763
Toxoplasmosis,70.79505002293675,1.3948887597738047,0.15942028985507245,0.30636420919974794
Apelin signaling pathway,70.90051211403222,-0.9371116763004177,0.34382808595702147,0.535112725327477
Complement and coagulation cascades,71.55827510910024,2.8029461357657586,0.0074962518740629685,0.03852724800390503
Glutamatergic synapse,71.75036405936615,1.4607319831014263,0.13893053473263367,0.2791240743264731
Hepatitis C,72.8176643786813,-2.103971324861402,0.0384807596201899,0.11977813909946435
Relaxin signaling pathway,73.04826396641795,-0.6032494120249557,0.5357321339330335,0.6899624900193582
IL-17 signaling pathway,73.19782284891163,3.5019620296361995,9.995002498750624e-4,0.009203731467599533
Inflammatory mediator regulation of TRP channels,73.38997242000708,1.5685249170192674,0.11494252873563218,0.25260142206124664
Cholinergic synapse,73.63006061297907,1.0480744320856734,0.2898550724637681,0.4710144927536232
B cell receptor signaling pathway,75.07528475510445,3.943237026530894,0.0024987506246876563,0.01781367380825716
Breast cancer,75.7393913172347,-1.3053067658728539,0.18190904547726136,0.33498539986205245
Signaling pathways regulating pluripotency of stem cells,76.63006340540339,-0.8984508511504052,0.3828085957021489,0.5716263489876683
Leukocyte transendothelial migration,76.6999366448985,1.573488095777034,0.11544227886056972,0.25260142206124664
Yersinia infection,77.3201382033101,-0.5176717683424066,0.6106946526736632,0.7456547969109368
Phagosome,77.51680182091143,1.413374051419806,0.1549225387306347,0.3003322899953532
Hepatitis B,78.20375420200817,-2.193543391687419,0.02798600699650175,0.10308179243711477
Dopaminergic synapse,79.76065976421816,0.5422704508529254,0.5932033983008496,0.7283219501360432
Salivary secretion,79.91594893904642,4.2637623190595155,4.997501249375312e-4,0.005812883032168126
Fluid shear stress and atherosclerosis,80.89748930058678,0.12438066918057081,0.9020489755122438,0.9492991599438376
Pancreatic secretion,83.11232277956681,4.707528545126227,4.997501249375312e-4,0.005812883032168126
Chagas disease,83.87072606788769,2.01085451420753,0.04897551224387806,0.1424156342881191
Measles,84.34146890976486,-0.10378402966576375,0.9310344827586207,0.9751593397613989
Staphylococcus aureus infection,84.58780978773241,6.5181789079215235,4.997501249375312e-4,0.005812883032168126
Amoebiasis,84.59055235352875,3.7941425453939255,4.997501249375312e-4,0.005812883032168126
Cushing syndrome,85.00461808607061,-0.7738669651586564,0.4362818590704648,0.6220534893843401
NF-kappa B signaling pathway,85.12784808935255,2.6983611977483277,0.008995502248875561,0.04417791104447776
Thermogenesis,86.65512191687954,-3.200657441124342,0.0014992503748125937,0.011425321821847696
Phospholipase D signaling pathway,87.55255954758371,0.22473660336937676,0.8235882058970515,0.9003414959187072
Platelet activation,88.39974195577834,1.2887941083385694,0.1874062968515742,0.33667843497606037
Kaposi sarcoma-associated herpesvirus infection,88.71821358569292,-1.916667919052215,0.05697151424287856,0.1635156447750151
Parkinson disease,89.11069022514715,-3.680221748512569,4.997501249375312e-4,0.005812883032168126
Vascular smooth muscle contraction,89.73387781536361,1.0695022378097268,0.28235882058970513,0.46568133843525994
Influenza A,90.27568142216647,-0.22982653562047484,0.8150924537731135,0.8961961805167068
Serotonergic synapse,90.46308812520192,3.5132002571071292,0.0014992503748125937,0.011425321821847696
Hepatocellular carcinoma,90.76708796128285,-0.6373719245636248,0.5157421289355323,0.6744320147618499
Epstein-Barr virus infection,91.16965281515283,-1.6674165962335956,0.09245377311344327,0.2270253762007885
Cell adhesion molecules,91.51886197120439,3.1258932796898113,0.00399800099950025,0.025244520596844434
Bile secretion,91.63337457340943,6.855564465208434,4.997501249375312e-4,0.005812883032168126
Gastric cancer,92.69997683188326,0.3020010520329722,0.768615692153923,0.8628147855006506
Hippo signaling pathway,92.87634538498477,-0.07278163441004336,0.9450274862568716,0.9805214763510265
MicroRNAs in cancer,93.9078934751779,1.4309773504577796,0.1549225387306347,0.3003322899953532
Wnt signaling pathway,93.91011328320138,0.6630421252129554,0.5147426286856571,0.6744320147618499
Estrogen signaling pathway,94.04301863926263,1.6601756494147297,0.09895052473763119,0.23632807252287835
JAK-STAT signaling pathway,94.28104842382253,0.5231724660011907,0.5932033983008496,0.7283219501360432
Endocytosis,94.88988161923729,-2.8850797158024286,0.004497751124437781,0.02615797364475657
Shigellosis,95.88289827755635,-3.005138027130894,0.005997001499250375,0.03155565074605554
Oxytocin signaling pathway,97.73220993139122,1.0452485654783925,0.29485257371314344,0.47219144051162826
Adrenergic signaling in cardiomyocytes,98.59169234688453,1.6147962555599245,0.1024487756121939,0.24086361074781756
Tight junction,100.53075318078989,0.504045641925668,0.6271864067966016,0.7574218355303222
NOD-like receptor signaling pathway,100.56231577629248,-0.6871463737730509,0.46676661669165415,0.6467922288855573
Natural killer cell mediated cytotoxicity,102.48961107458788,2.892778024055094,0.005997001499250375,0.03155565074605554
Osteoclast differentiation,104.66561708763274,2.9644224026956913,0.004497751124437781,0.02615797364475657
Salmonella infection,104.80941860631823,-2.1573925811339874,0.029985007496251874,0.10688204284954297
cGMP-PKG signaling pathway,105.80855156852598,0.9008303256195994,0.36881559220389803,0.5621258336349066
Focal adhesion,109.43784101064438,-0.7662623147836841,0.4432783608195902,0.6279776778277528
Tuberculosis,111.04526014102892,0.9064436188275616,0.3683158420789605,0.5621258336349066
Viral protein interaction with cytokine and cytokine receptor,112.66874662779757,5.852777276323342,9.995002498750624e-4,0.009203731467599533
Transcriptional misregulation in cancer,115.0446640715167,3.13727441521218,0.0014992503748125937,0.011425321821847696
Axon guidance,118.49204390749145,0.4794622788112995,0.632183908045977,0.7593078460769614
Human immunodeficiency virus 1 infection,119.59267504337548,-0.39888027694994455,0.6856571714142928,0.795664994727767
Human cytomegalovirus infection,119.95213402725578,-1.0156855116347288,0.30434782608695654,0.48043478260869565
Huntington disease,120.30272481611759,-3.0270223404620946,0.0034982508745627187,0.024159795102448776
Human T-cell leukemia virus 1 infection,121.69443254774161,0.03569317064675481,0.9720139930034982,0.9853903323567574
Pathogenic Escherichia coli infection,122.53155604918062,0.5734102144588218,0.5642178910544727,0.7098248628494741
Amyotrophic lateral sclerosis,126.12995259344277,-4.907212095416539,4.997501249375312e-4,0.005812883032168126
Proteoglycans in cancer,130.8083377914258,0.2224086190791248,0.8370814592703648,0.9024146463353689
cAMP signaling pathway,132.82017300356472,0.5867996940202143,0.5687156421789106,0.7098248628494741
Calcium signaling pathway,134.0483069946692,2.094227363474328,0.031484257871064465,0.10704647676161917
Rap1 signaling pathway,138.75372529156846,1.079504086789396,0.2768615692153923,0.464370087683431
Regulation of actin cytoskeleton,140.53185018846108,1.0762387798318682,0.2818590704647676,0.46568133843525994
Ras signaling pathway,152.46090586318408,1.7862545978851565,0.06646676661669165,0.1836144427786107
Olfactory transduction,158.04319768977106,-3.6629988916264122,9.995002498750624e-4,0.009203731467599533
Alzheimer disease,159.45233841389393,-2.8913679097655223,0.00399800099950025,0.025244520596844434
Chemokine signaling pathway,159.5989391818571,4.629363105892718,4.997501249375312e-4,0.005812883032168126
Human papillomavirus infection,173.6805729569777,-1.3754136348308459,0.17991004497751126,0.33498539986205245
MAPK signaling pathway,186.45977473250744,1.5343427615979248,0.1199400299850075,0.25487256371814093
Herpes simplex virus 1 infection,189.07190318918117,-4.164728097171903,4.997501249375312e-4,0.005812883032168126
PI3K-Akt signaling pathway,213.06363293894788,0.6814262163652082,0.4947526236881559,0.6667093282626979
Cytokine-cytokine receptor interaction,254.12946972486387,5.146285327345104,4.997501249375312e-4,0.005812883032168126
Neuroactive ligand-receptor interaction,271.04057980948085,5.933769915842868,4.997501249375312e-4,0.005812883032168126
Pathways in cancer,309.34661448573297,0.04198639756402727,0.9705147426286856,0.9853903323567574
